type,name,module,path,hash
"yaml","manifest","_config","_config/manifest.yaml","d4974b3d232c81ff5d620d17ad8260f8b4cf0d7b11c646995275fcbb70c24a5b"
"toml","config","config.toml","config.toml","b185e4c01fb180d1f48186412b624065d436c926ff8403bc900ed38f3fc0c1f6"
"toml","config.user","config.user.toml","config.user.toml","4df9b9cca6034a4661b6129938ee5079740340d9f33962e67d58facfa02a6d2b"
"csv","brain-methods","core","core/bmad-brainstorming/assets/brain-methods.csv","fff112eabca1a9cb8b190f8314bc47678becc5782a2372e11c83daa0e33b6dfd"
"csv","methods","core","core/bmad-advanced-elicitation/assets/methods.csv","d110ff5f076fb9421552b83692fde2c2d367734049169c7a55f7267a3dc7ef89"
"csv","module-help","core","core/module-help.csv","3d5feb19c1750d35676530c746a5c71e8959616f3c32fb161847971611d81b6b"
"html","brain-selector","core","core/bmad-brainstorming/assets/brain-selector.html","c110919a3366bd96061f050f98503e3586185e3d1df5ff8b62a5a046c571a436"
"json","brain-icons","core","core/bmad-brainstorming/assets/brain-icons.json","a101c56e89f1d0f9e4131dfdfc19e10c746e3a61c3f92537d04a6f4897b7d331"
"md","academic-lit","core","core/bmad-deep-recon/types/academic-lit.md","514b0b7b1184cb95363dedeb0c2298a9bf5c430c74146fe2114f31780fadb325"
"md","competitive","core","core/bmad-deep-recon/types/competitive.md","39b53df87d295fdc4388719fcdf31ad2221e64afc136e669207f46d2727a3aec"
"md","converge","core","core/bmad-brainstorming/references/converge.md","1528c32ddc64f8061fec663306f7208d2fd4d4a90e660552b8138bda7e452dc0"
"md","create-party","core","core/bmad-party-mode/references/create-party.md","2f810332c36c17d14eb55717aed48f3020acf0713bb9f932479be9fbc3856e9e"
"md","domain","core","core/bmad-deep-recon/types/domain.md","3a34b2e62c3589f8c8d01158357ee9fba32648c9fdfe70035bb3ca971862896b"
"md","draft","core","core/bmad-deep-recon/references/draft.md","ac19b33a00ca529c3281df6076f87a833a3b11fc30915ca2c6e7590f7986b90e"
"md","editorial-common","core","core/bmad-review/references/editorial-common.md","f0cdc72ea345b2c5dc3001477b3dfcc909ca11b78f7db8865b6763d18ffc66c8"
"md","finalize","core","core/bmad-brainstorming/references/finalize.md","b6074e7fb4d86ffcf899abc50b9049b4a1f6fe550917f4be7a1c7a888477e07e"
"md","finalize","core","core/bmad-deep-recon/references/finalize.md","d2ba4bee615dfbca6e7725179fb5ebd856dd34a54ba3f306e25255dfd7b1d126"
"md","headless","core","core/bmad-brainstorming/references/headless.md","b8ea5951199cff7e4813e06aef35683ca0658230fa015e358cacc466b1138a42"
"md","html-briefing","core","core/bmad-deep-recon/references/html-briefing.md","cd3a88c1a5505fa7f1b715afc3adb34f3d64ade66f4c6b49a59f7e8cfcbe38d4"
"md","in-chat-techniques","core","core/bmad-brainstorming/references/in-chat-techniques.md","18239464e3e4f00ea9063d015d26d6b0a696b72e7e3c5be92352da6db9a3f244"
"md","lens-adversarial","core","core/bmad-review/references/lens-adversarial.md","7c5ce97ab2f3ecb96ceb6aa76417f68c1b7df535edd3cc51666d8e1216e6e557"
"md","lens-edge-case-hunter","core","core/bmad-review/references/lens-edge-case-hunter.md","f2709e3adb40943ea0f19d0797be379caf0875eaef9a55081dc1e170e8288b68"
"md","lens-prose","core","core/bmad-review/references/lens-prose.md","4cbcb1eaea8567d272f5db7c6cdfd74ed5a8aae6831053cb2f01cbfc2cb98b98"
"md","lens-structure","core","core/bmad-review/references/lens-structure.md","98c08221f517133e57ef6325013935360c3365ebd7dcb8411b2050d7df507ee3"
"md","lens-verification-gap","core","core/bmad-review/references/lens-verification-gap.md","e7123d81171eeeee1b3782d13d94c2988969fe357dd71949131a5eb97803e2c6"
"md","lifecycle","core","core/bmad-deep-recon/references/lifecycle.md","2315fd9cb9223504639616b861ad593bfecb53d605efbd598ae2cf94fb6c4cdf"
"md","market","core","core/bmad-deep-recon/types/market.md","81ac04499da441857672e29fcd7169436a7e239e67194288ac0d526ec514cb5e"
"md","mode-agent-team","core","core/bmad-party-mode/references/mode-agent-team.md","def759a17f4bb45463b68fb74c2b828b0a4241720b2b6cc1c9c611a1016ae9d7"
"md","mode-auto","core","core/bmad-party-mode/references/mode-auto.md","a37fd24f76dfcde385890d5c5947bb6f40ca44bea86c805d267b6ae3aab39f70"
"md","mode-autonomous","core","core/bmad-brainstorming/references/mode-autonomous.md","d815d2c7f0f8cc0cdfa7c619eaf61f59fd78142f13c69365eda257da38b97bdf"
"md","mode-facilitator","core","core/bmad-brainstorming/references/mode-facilitator.md","1b908498d285d190859aed00c3ba5b399d7f6aa8e94d54e95456d15cd6fe6073"
"md","mode-partner","core","core/bmad-brainstorming/references/mode-partner.md","caa0ed378c116def4de382f4e5a95173c6ae6cc5464f1792e7d8196360f79c8a"
"md","mode-subagent","core","core/bmad-party-mode/references/mode-subagent.md","86161b24a0b13b8f9cb9309042e4249d8caefff8cc33728b084cd2ec22f9d2e1"
"md","party-memory","core","core/bmad-party-mode/references/party-memory.md","800b4b4b920bb881a7b32aaabca8559a98273799b2476d83a23e290e301fb315"
"md","process","core","core/bmad-deep-recon/references/process.md","9017d04774807a29103ea97331e555e2793f90098af65752b72f3ee09df85906"
"md","README","core","core/v6-shims/README.md","017900bb03baeddc0262041a6aa85bce744e8c45991dcde32ef042f9bc2a32b2"
"md","research.template","core","core/bmad-deep-recon/assets/research.template.md","87d7cfa85fa5036b5a309b7bfb88f7934f50bb81f3cff02d2b49b4c7345cfc38"
"md","resume","core","core/bmad-brainstorming/references/resume.md","0f79535d72eefe6c55bd5ae47fe4753de8d27235cf129f10b2c596a124c26526"
"md","run","core","core/bmad-deep-recon/references/run.md","8e259dc88820ac989c79620af5c37e24f00df21ac4af308ce3563c0e66c9406c"
"md","selection","core","core/bmad-deep-recon/references/selection.md","2b488c08f9550afe7fda32c2dc5d4591927afd7b9ad507fcce0ae8593c4b9d31"
"md","SKILL","core","core/bmad-advanced-elicitation/SKILL.md","23a1f2903f6a19255e3ceae798afe48f6394694769b3b034502d174d683612b2"
"md","SKILL","core","core/bmad-brainstorming/SKILL.md","e9cb07fe86aa254f9fb7217720d77fd693bf66a0c01af8114ecdf7148159fdd1"
"md","SKILL","core","core/bmad-customize/SKILL.md","a42086f90024013e2611503eb0224ac0e90b2aecac44a886ae0e38cfdda69511"
"md","SKILL","core","core/bmad-deep-recon/SKILL.md","dce5f7db03094a617cc3fcae1711b1dc7ccebe379376e67216544956d375f0d2"
"md","SKILL","core","core/bmad-forge-idea/SKILL.md","a838096deb871b3482dffe6163be16104f7911698b25af5617751655fd3295c9"
"md","SKILL","core","core/bmad-help/SKILL.md","68a19089a0073b299c705e9afaa8d18183e78f88a185a68e9efba2e14062effc"
"md","SKILL","core","core/bmad-party-mode/SKILL.md","de035b4e081fdd626a20114178f706ac222f519171d82b02139a7cec561a3487"
"md","SKILL","core","core/bmad-review/SKILL.md","144e6c46d9157f7a88722c56139cd78c12903b1283ed84dd9c2b1f5dfa7673c1"
"md","SKILL","core","core/v6-shims/bmad-editorial-review/SKILL.md","3b939876b4977bec7f2d3ee33a8871b266f25efc72768d72868ac26ff9158cd2"
"md","SKILL","core","core/v6-shims/bmad-editorial-review-prose/SKILL.md","153e7b0a240c3f5e49d6128ff1797aabc368618611d895f7f152e73fbcb12fab"
"md","SKILL","core","core/v6-shims/bmad-editorial-review-structure/SKILL.md","5e45da216b00aad3955a7196df6cb8e52167f441d2dcd7c064983881691bf1e8"
"md","SKILL","core","core/v6-shims/bmad-review-adversarial-general/SKILL.md","ca1d05a05eb41ec446abd862e9afe4a88b9188a3bb93bc3e70ca68ecb8740619"
"md","SKILL","core","core/v6-shims/bmad-review-edge-case-hunter/SKILL.md","f9db1d7f58c5e3f7586c10c920d4dd9d6c6d6e2dff5cd49110ec1edb387937a1"
"md","SKILL","core","core/v6-shims/bmad-review-verification-gap/SKILL.md","4ee67cc3d7355ba05d195797cb2d57d45f9046ee31781f2d133ff3484cfb53ae"
"md","structure-models","core","core/bmad-review/references/structure-models.md","f84f85070e1af75f2482757aba9d37d69d805a20826d185527e598f2ba6b9292"
"md","synthesis","core","core/bmad-deep-recon/references/synthesis.md","4d9ef1247ab45241f919010e94c99699abc0a6e18b5bd68fa93ae54afe59d172"
"md","technical","core","core/bmad-deep-recon/types/technical.md","55f71428c70547b89d67ef0c6cdad59caeb0ee21082cd1230c05618ba8d04707"
"md","user-voice","core","core/bmad-deep-recon/types/user-voice.md","1831ce46e53e8c68244d28e336c5ef9e53e64f21a00b74a817b9b2924c1e8e72"
"md","verification","core","core/bmad-deep-recon/references/verification.md","0393ded4828fec69a4819d7236827910d641d09c3b61144c0211a9a78776fdd2"
"py","brain","core","core/bmad-brainstorming/scripts/brain.py","1c75c667fc70a85055dd19d77fb21478e190874e4a61d070c3b0971dd1bd25cc"
"py","list_customizable_skills","core","core/bmad-customize/scripts/list_customizable_skills.py","8787f542930b927789e7fdf12bc5a67ff08e19865903a5ad05ff2cc8fc426b66"
"py","pick_methods","core","core/bmad-advanced-elicitation/scripts/pick_methods.py","60020ec4767894ea3d8707c4b61e78b679d434315be1dd29154bf64d88126fff"
"py","recon_kit","core","core/bmad-deep-recon/scripts/recon_kit.py","8cb5187b5114b779532907383a013d40fdea1022bb9bed9a23bd8d0fdfa79e8c"
"py","resolve_party","core","core/bmad-party-mode/scripts/resolve_party.py","0bed5ad2139f4412699c07d571c218470901b901ca4a72b441ec9308dbc8ce74"
"py","resolve_personas","core","core/bmad-forge-idea/scripts/resolve_personas.py","b3e5f2f38de013ad878d8ac9c1d4e77d555c2d665dd6c0bc16f9f567d2bbd30c"
"py","test_brain","core","core/bmad-brainstorming/scripts/tests/test_brain.py","021c0b9fae8db859725312d50d8b304fff00ee7acc310699c35523e86bffbdd8"
"py","test_list_customizable_skills","core","core/bmad-customize/scripts/tests/test_list_customizable_skills.py","24c3d384b3b5d490b7335c17866bfe0425af253ce669c32382fa88feb705934d"
"py","test_pick_methods","core","core/bmad-advanced-elicitation/scripts/tests/test_pick_methods.py","610099d8494529f9203d7262567810b500552bcef006b3b6388d58da3da71978"
"py","test_recon_kit","core","core/bmad-deep-recon/scripts/tests/test_recon_kit.py","1b4ddf482dd2d11a214ee2f821c35d7a8c41905b5d8d9cc69a293304bb8a1665"
"py","test_resolve_party","core","core/bmad-party-mode/scripts/tests/test_resolve_party.py","bb53fe03ec3013ed96c0fb399c1948f28bcf55cb2d7727fe0189343fcaa667d5"
"py","test_resolve_personas","core","core/bmad-forge-idea/scripts/tests/test_resolve_personas.py","1c4fa4b1d68bfbd10e4b38cad3c8286dad62345cebd08fe94a6862351b02855e"
"py","test_word_metrics","core","core/bmad-review/scripts/tests/test_word_metrics.py","3b5a285d3c9f611b3cda8c9c1d52d6b214c1f72e6e64a94ea5b0e220db5a8765"
"py","word_metrics","core","core/bmad-review/scripts/word_metrics.py","fb45007a7f3cfc18d13ee8bd4787facdaae297570193bc769456297dd33da78b"
"toml","customize","core","core/bmad-advanced-elicitation/customize.toml","735a276edd51786ccfd2c3417d9a2b9dee4244a6102698981b3888f68d979ed9"
"toml","customize","core","core/bmad-brainstorming/customize.toml","21fcbc60c78db99ca0424da192ba0942dce2189f350f77838e4d3ecd501edd1c"
"toml","customize","core","core/bmad-deep-recon/customize.toml","24d1383066034fd4fcf282279aaf0d29d21910fd1247dfe3dbad74a70e78814d"
"toml","customize","core","core/bmad-forge-idea/customize.toml","ef5fadd1df3550cae00b1b442606bf84d187bfd55397563f143e1057430df45c"
"toml","customize","core","core/bmad-party-mode/customize.toml","9c6ee33cd7fdd80e4adf514c3d54636d933d5250c2ddd78041c6cfe73b745bb0"
"toml","customize","core","core/bmad-review/customize.toml","38470c888a809ee030dc11d38868bb1ac5c1d547f06d218b711be5df53385c00"
"toml","customize","core","core/v6-shims/bmad-editorial-review/customize.toml","a5c5fed539e6543121e57cc29bb65559bb6391efc806bf8759c8e29697a94a34"
"yaml","config","core","core/config.yaml","3b9e09e65cb8b650b4fff75e1f5187809560f221e0a65f8836bc577217271ca0"
"file",".gitignore","custom","custom/.gitignore","973b03a33f142c22cf9b65be285bebadd85790b6b55be04637d2f8c716f58fab"
"csv","documentation-requirements","gds","gds/workflows/gds-document-project/documentation-requirements.csv","efc91d54787939a2dd2c22400e6b9b6f58835a741ea557e8971b5b333ce666e8"
"csv","game-brain-methods","gds","gds/workflows/1-preproduction/gds-brainstorm-game/game-brain-methods.csv","f6fb96d2134a941ad0dd6cbdcb7bdcc01b7c04b1009e196cf859fc330f843bdb"
"csv","game-types","gds","gds/workflows/2-design/gds-gdd/assets/game-types.csv","4f4a61090a084188178340aa08edaa8f3a08029bac7f01f23f228723b9524a59"
"csv","genre-complexity","gds","gds/workflows/2-design/gds-gdd/assets/genre-complexity.csv","61b2b1e2c6e2f0b9531b6a0beae959e0b9e440e1b27cf544b2c82c6b58dd3ce1"
"csv","module-help","gds","gds/module-help.csv","24ca5aa6b05bdadfce475952e81278fbbbd00eaafa6f80f3ec4489078bd8c6ea"
"csv","pattern-categories","gds","gds/workflows/3-technical/gds-game-architecture/pattern-categories.csv","490bb6b7d5abfd5c1b20dca04399870c030b5d5d2db7148621d43f08044616e8"
"csv","qa-index","gds","gds/agents/gds-agent-game-dev/gametest/qa-index.csv","a94275a48134c19edbd8b4c457dfbde049e003cbce0a86a4c79b19ca91809dc2"
"html","validation-report-template","gds","gds/workflows/2-design/gds-gdd/assets/validation-report-template.html","616d7bf9b15eb104360a163331353fa2194dfe81bec81d6ce21498d74a11e4ef"
"html","validation-report-template","gds","gds/workflows/2-design/gds-prd/assets/validation-report-template.html","76360ffb6fb530f0b34b62b483bea6acb323923e6477d78a0d43548f0157b362"
"html","validation-report-template","gds","gds/workflows/2-design/gds-ux/assets/validation-report-template.html","429f4a7e5acf189409518cc6782e833dd30a89e83cd4821b89ae731bfa01c8b1"
"json","project-scan-report-schema","gds","gds/workflows/gds-document-project/templates/project-scan-report-schema.json","4c27adf9407907f31150d03d233f782f165aae9f754ecfa5532d0eed36c8bc94"
"md","action-platformer","gds","gds/workflows/2-design/gds-gdd/assets/game-types/action-platformer.md","f711632d2a1067243347cfa5686488377421b8a0337e32ab06031c7d1051cb76"
"md","adventure","gds","gds/workflows/2-design/gds-gdd/assets/game-types/adventure.md","2a242677235821099af6adcfc4a17dbeabe9ad914fb5c4599eab4f8691c86402"
"md","architecture-template","gds","gds/workflows/3-technical/gds-game-architecture/templates/architecture-template.md","1522ecf71409013bd057b8bc175744c9c0d988ae1c50f197c342ad26e8ece1d2"
"md","backlog-template","gds","gds/workflows/4-production/gds-code-review/backlog-template.md","42c4a61b30a8d1bfc670934db31622097b679ceee80f7744de823a77fa6ccd42"
"md","balance-testing","gds","gds/agents/gds-agent-game-dev/gametest/knowledge/balance-testing.md","aeea1da343ec80b7fbec0cc6ddc49cc70f9be1d6240644c3f065b42322886f0b"
"md","brief-template","gds","gds/workflows/1-preproduction/gds-create-game-brief/assets/brief-template.md","ca8f45d3dd6bef56fc73c44bfc263975e934bd1c1d9b6d35fd0e27de42a70307"
"md","card-game","gds","gds/workflows/2-design/gds-gdd/assets/game-types/card-game.md","63a72a7cd8e9c15ff0778ca2af49ee146daf7a8d0772f83afc6e8421b088b1fd"
"md","case-file-template","gds","gds/workflows/4-production/gds-investigate/references/case-file-template.md","45c0b5592dc9469bf991be31d9d11c112ea801647bdd61c83f07bcb5cb5ce754"
"md","certification-testing","gds","gds/agents/gds-agent-game-dev/gametest/knowledge/certification-testing.md","70a96efd6ba9f726057a896d0107d0f35f390749da8da373565e5b2f2b2fbfea"
"md","checklist","gds","gds/workflows/2-design/gds-create-narrative/checklist.md","e780d2703a61e6f9b6bdf0d624671140a9b93e42cdf9dcd521f41d5a7be9f967"
"md","checklist","gds","gds/workflows/3-technical/gds-game-architecture/checklist.md","0df887272138bfb3d05d963ef24648b5338d22f8cbe8c58b539ee38b977f42aa"
"md","checklist","gds","gds/workflows/4-production/gds-code-review/checklist.md","dce9eaefa805082b447b2db3cef98cba72d71eb9fae62c7ebd5c0760340134cb"
"md","checklist","gds","gds/workflows/4-production/gds-correct-course/checklist.md","93b788cba72feb78f46c69590b985bedc623fe0f873d928012f75f9e083d8327"
"md","checklist","gds","gds/workflows/4-production/gds-create-story/checklist.md","0291e068003dda0359c41b925beee202ad083e632061e26fa37bdfb9f09cd6c6"
"md","checklist","gds","gds/workflows/4-production/gds-dev-story/checklist.md","277b5b2157d37162ed6eb1b4cdfe08bb4100fe719994a8ac8d019339a458995b"
"md","checklist","gds","gds/workflows/4-production/gds-sprint-planning/checklist.md","cc4f8e9411dbf9e644333790f867d74027aae3721cbc7f11d574536bf903a0aa"
"md","checklist","gds","gds/workflows/gametest/gds-e2e-scaffold/checklist.md","4bef23b4063d2f6caf26d9d2baba4cc69ea2c54c3f6096c70de80b5b8fd1b130"
"md","checklist","gds","gds/workflows/gametest/gds-performance-test/checklist.md","985a67a8c278f43096b9f52c59182e8de9ae9a55b04808fb740951809a3f96a5"
"md","checklist","gds","gds/workflows/gametest/gds-playtest-plan/checklist.md","d79ecf7b93060a46d9912a90973eab3d0dfeac68815b5275d2c1a5f7416cf952"
"md","checklist","gds","gds/workflows/gametest/gds-test-automate/checklist.md","83290eb804ca6b3d4283c7f69db1d9fb3160b8da708639303177c71af4408f2e"
"md","checklist","gds","gds/workflows/gametest/gds-test-design/checklist.md","5542d92ad346ebfb86a2415a2217707ca76b3d39bf234280062a31b6e28bf875"
"md","checklist","gds","gds/workflows/gametest/gds-test-framework/checklist.md","6ecc1995f2e0f94984d65a7b246a30e9bddaed217f0a48127e022254ee3c356e"
"md","checklist","gds","gds/workflows/gametest/gds-test-review/checklist.md","1f4abe8931ba4964d8db592cdad287df858f834c45cadd20bf7e1588ada5d2ee"
"md","checklist","gds","gds/workflows/gds-document-project/checklist.md","3b6856939315f71dc3ecc5a098c961fdc9f3615d3a032f0bc3dad565ac17bc38"
"md","color-themes","gds","gds/workflows/2-design/gds-ux/assets/color-themes.md","d77b55b4139eb8cbd4635f078ed0e6d37cc867ca337ce1844ed207a4430750f8"
"md","compatibility-testing","gds","gds/agents/gds-agent-game-dev/gametest/knowledge/compatibility-testing.md","1a26a1726abb77f7b482ba35d16f17ab574bfd62b4a025565e8645bae228fe6a"
"md","compile-epic-context","gds","gds/workflows/gds-quick-flow/gds-quick-dev/compile-epic-context.md","b02345c6be80db6e429384bb108f3cb66547622edde43d42c498283322633dc3"
"md","creative-tools","gds","gds/workflows/2-design/gds-ux/references/creative-tools.md","815ae5ee6892748fd6d01373a340a17abc61f85bede43d24758e99dfc5f7a1eb"
"md","deep-dive-instructions","gds","gds/workflows/gds-document-project/workflows/deep-dive-instructions.md","66d8fc1efa1f74946957609b8617cba786c5cbe936809ff93dd803f5f974fac7"
"md","deep-dive-template","gds","gds/workflows/gds-document-project/templates/deep-dive-template.md","2d098bb425f58d1d49ab5c6b7c1a8c92af9271d281bacafe000fed059a1a206d"
"md","deep-dive-workflow","gds","gds/workflows/gds-document-project/workflows/deep-dive-workflow.md","9b84b4700af5ee54d102e98a9945ba0d26dcb3ea1f7a1ce9d7e5d9726e92a414"
"md","design-directions","gds","gds/workflows/2-design/gds-ux/assets/design-directions.md","1169c251de626eed2238fa9f8c18ace5577691c2a8ec7f8d6373eec4a8bc3856"
"md","design-example-editorial","gds","gds/workflows/2-design/gds-ux/assets/design-example-editorial.md","ed10853ff4e43d044423fbaf5b24741db714354c3b314a5e0dc7163d556d4ff3"
"md","design-example-game","gds","gds/workflows/2-design/gds-ux/assets/design-example-game.md","ef1f12395109d2b20a08b882b39cbb1c9c98c2d3f6f33dd220c9ed578da3e45b"
"md","design-example-mobile","gds","gds/workflows/2-design/gds-ux/assets/design-example-mobile.md","bae5ddfe11c4b55c3134cbd567d4fc810fea389475eb3605fedd96124fe33b13"
"md","design-md-spec","gds","gds/workflows/2-design/gds-ux/references/design-md-spec.md","034015963ae97a0bff286ed17f8beb39fc97496a81b91fd4d446df3cf64419f0"
"md","discover-inputs","gds","gds/workflows/4-production/gds-code-review/discover-inputs.md","19c9b1d6635fc013c8ce62c266cb72314206beb832e397b9b6c17c94df697ac1"
"md","discover-inputs","gds","gds/workflows/4-production/gds-create-story/discover-inputs.md","19c9b1d6635fc013c8ce62c266cb72314206beb832e397b9b6c17c94df697ac1"
"md","documentation-standards","gds","gds/agents/gds-agent-tech-writer/documentation-standards.md","6e7ac71138275d95c3c9160f3dffe1d6c4cc77bb97231b60b5463a6cdf42adba"
"md","e2e-testing","gds","gds/agents/gds-agent-game-dev/gametest/knowledge/e2e-testing.md","c3b6738f5dfc5e19699eb7a976ab53367762a6504ec1efd7c045926ea69707b7"
"md","epics-template","gds","gds/workflows/3-technical/gds-create-epics-and-stories/templates/epics-template.md","019cede457d98e414a76128b817cbc33f60b5d775ed93837ab9953ce82875ff1"
"md","excalidraw-wireframe","gds","gds/workflows/2-design/gds-ux/assets/excalidraw-wireframe.md","e59663e39d4ece59ef1009ed332889be535317f5ea2f51b382747f61cdba4ca0"
"md","experience-example-game","gds","gds/workflows/2-design/gds-ux/assets/experience-example-game.md","3bb5e3b0cc2efac2d1a607658ec0d8394d62dcc36af0c1d8e47ba5c7478a2555"
"md","experience-example-mobile","gds","gds/workflows/2-design/gds-ux/assets/experience-example-mobile.md","55551a226425849ce317d795a78cd15103bcbc65ee7bddf92a1c6fc12c466e8b"
"md","explain-concept","gds","gds/agents/gds-agent-tech-writer/explain-concept.md","f9406f0372e600449fafc235202b61c9f4c385f84f9fbd16fc1b9890596ea1c1"
"md","facilitation-guide","gds","gds/workflows/2-design/gds-gdd/references/facilitation-guide.md","8596b4328f3b7a708e2a05d9113ded7705ae4d06a07b10dd7af702808c47bdd3"
"md","fighting","gds","gds/workflows/2-design/gds-gdd/assets/game-types/fighting.md","a3da81cf6924927931eb7338753ae8a03028a7e5e26a31428c737a151e02950f"
"md","full-scan-instructions","gds","gds/workflows/gds-document-project/workflows/full-scan-instructions.md","fb8e6f1e06fc55e0db3bd3b110789f2705a6581a26cb59f0faac4d2742dd9a8f"
"md","full-scan-workflow","gds","gds/workflows/gds-document-project/workflows/full-scan-workflow.md","89561790ea8024466557750cfe47a94b5e2402f471b60292d64cf73bd718819e"
"md","game-context","gds","gds/workflows/1-preproduction/gds-brainstorm-game/game-context.md","d362430b87dfe8a9b8c3bf9ae6820235b0d46bbed326591cbb58acdb5ff70640"
"md","gdd-purpose","gds","gds/workflows/2-design/gds-gdd/references/gdd-purpose.md","cbca7bb33a22548de4ae6d59c78f03cc70334c2948e1e2e11d2a55320574094b"
"md","gdd-template","gds","gds/workflows/2-design/gds-gdd/assets/gdd-template.md","791dfdf0ac71a2e249984c07ca47938dcc2c602c935547124cb1eeccd3d1fbaf"
"md","gdd-validation-checklist","gds","gds/workflows/2-design/gds-gdd/assets/gdd-validation-checklist.md","046303a96ddd7d75b88b531a662e0b3e12180a8d86f8b0b29737bfb49a262338"
"md","godot-engine","gds","gds/workflows/3-technical/gds-game-architecture/knowledge/godot-engine.md","4c1cc8b441357268104d09d1a26feb4c618d2838bda342f099f66ff1e7a99cfc"
"md","godot-testing","gds","gds/agents/gds-agent-game-dev/gametest/knowledge/godot-testing.md","ccfdf5f7ecbc33bd3f5549bfcd47c991e6cd0c8d32719ad838e80406eda3b825"
"md","headless","gds","gds/workflows/2-design/gds-gdd/references/headless.md","b85ff742c488999589fa79ee25e09e5043e1ed86a45892448bacb765aa3209c2"
"md","headless","gds","gds/workflows/2-design/gds-prd/references/headless.md","f76a682488e1646ac78e955398e8f0807dde0156052e1b09274830d86fdd9720"
"md","headless","gds","gds/workflows/2-design/gds-ux/references/headless.md","f6060ba4e9ebf8d914a4c371735ad9772eb2e5a0f21a57b3f03707a36275de7b"
"md","headless-schemas","gds","gds/workflows/2-design/gds-gdd/assets/headless-schemas.md","51a151dea98f1d33b32091e5b7bcde22a8b65f12bfc115b1085866e49808195c"
"md","headless-schemas","gds","gds/workflows/2-design/gds-prd/assets/headless-schemas.md","4d386c586804e36769277f040fecf6b272cdc0500ac14b00b726066246cb3907"
"md","headless-schemas","gds","gds/workflows/2-design/gds-ux/assets/headless-schemas.md","c02908da23ef406a730169f87bdaf41ccd4eeac4399890c40752a7ea391bf750"
"md","horror","gds","gds/workflows/2-design/gds-gdd/assets/game-types/horror.md","7ae5d591692bf36b014da7ca3b9683d6dfe744e9a85915bc18b8e8639122a2aa"
"md","idle-incremental","gds","gds/workflows/2-design/gds-gdd/assets/game-types/idle-incremental.md","410e8aa9473ef6189bc550de4721336ae3a9a1a82663388a9cea2a42726bd908"
"md","index-template","gds","gds/workflows/gds-document-project/templates/index-template.md","0e077c2d9d9ccb149a64ed82e67914d90571e23696687cf7a08ac5f2a8b18306"
"md","input-testing","gds","gds/agents/gds-agent-game-dev/gametest/knowledge/input-testing.md","832d5183c9629e2423cc7221781afc87459cb9f735b2fc60257165d33736ecc6"
"md","instructions","gds","gds/workflows/gds-document-project/instructions.md","2c417c88c0b82ef0553e1b1624283cdbac764d52c350b88423771a9985b64fe4"
"md","key-screens","gds","gds/workflows/2-design/gds-ux/assets/key-screens.md","3fdb74968b99bbb65bcc13ba08c24be70c03addbac0d98ac49a21e8d714db788"
"md","localization-testing","gds","gds/agents/gds-agent-game-dev/gametest/knowledge/localization-testing.md","3ac685205ac1d8dea63574a98501f5636614fbf2933d555d718acb0dbf3d3f4b"
"md","mermaid-gen","gds","gds/agents/gds-agent-tech-writer/mermaid-gen.md","f1af20cff1ddb4294f1b671eebcb80ebe515278e57ff53c4886798ba97b9f6c4"
"md","metroidvania","gds","gds/workflows/2-design/gds-gdd/assets/game-types/metroidvania.md","2faa33591d6bac3c0e8c4cafe823d94b9f5f9236a1c22d38683fdb784c156b85"
"md","moba","gds","gds/workflows/2-design/gds-gdd/assets/game-types/moba.md","9871adb9aacf4e503f4f339e5028a30ca16916e53770038c5568eb13f961acbb"
"md","multiplayer-testing","gds","gds/agents/gds-agent-game-dev/gametest/knowledge/multiplayer-testing.md","fa00a075cdbcbf21ae921148c33647280ad12b4c88f2eba3854d24c7b060824b"
"md","narrative-template","gds","gds/workflows/2-design/gds-create-narrative/templates/narrative-template.md","e12110346082ed4cbd444fce0ba0e1cc5c074dfd72ce503f00ce4df24bbf3ef3"
"md","party-game","gds","gds/workflows/2-design/gds-gdd/assets/game-types/party-game.md","7de09c182571046e25d2f4c4bdaa8a1dd2a96c8a50606bcf253ed8ba370ddae1"
"md","performance-template","gds","gds/workflows/gametest/gds-performance-test/performance-template.md","71097a22589f0c21af4c32df7b63699b7b54174f1fae96dc482c5f3d27daa6e4"
"md","performance-testing","gds","gds/agents/gds-agent-game-dev/gametest/knowledge/performance-testing.md","572f7ca584e08bb876be2fc64ba6895decc96780cbe9b4c8e8de7730d07ad929"
"md","phaser-engine","gds","gds/workflows/3-technical/gds-game-architecture/knowledge/phaser-engine.md","9e399909bb7a7b1c8264f90230fa0f395794d4ee0987efe553c77b0da7be45ba"
"md","playtest-template","gds","gds/workflows/gametest/gds-playtest-plan/playtest-template.md","3c6120ba19f21440cec2817a4a8722509b65ac73b98f6768d3fb33a14c005cbb"
"md","playtesting","gds","gds/agents/gds-agent-game-dev/gametest/knowledge/playtesting.md","38dd38b24e7996323a3c78f74f9786340f22ee11ff857d42e45cdd7080cecca5"
"md","prd-template","gds","gds/workflows/2-design/gds-prd/assets/prd-template.md","47e4744f70dd39232240d2e7b202ac9ea6902ece4b839a9129d4c53ac2f5357b"
"md","prd-validation-checklist","gds","gds/workflows/2-design/gds-prd/assets/prd-validation-checklist.md","6b6afb553c775f4482b28aade60ea3441f1e36b3977af81358f4a0edb3512848"
"md","probing","gds","gds/workflows/2-design/gds-prd/references/probing.md","ec1ce4e474b388454733f3f751fe8c84b5a7595f10e05e0f1a009587898fa3db"
"md","project-context-template","gds","gds/workflows/3-technical/gds-generate-project-context/project-context-template.md","3cc240744e23cdb1048b76ecc2c0cfccb5ba1140ec9dfb47a19587a59f321c87"
"md","project-overview-template","gds","gds/workflows/gds-document-project/templates/project-overview-template.md","fd1ae5724b19829feb79245b5249c3ebf3cee30d07776939d87c7563e5bf76fd"
"md","puzzle","gds","gds/workflows/2-design/gds-gdd/assets/game-types/puzzle.md","0e127487feb570735f166a7e51ecbdd69d7cb7de73439c62ef5e87b6e5b6b8f9"
"md","qa-automation","gds","gds/agents/gds-agent-game-dev/gametest/knowledge/qa-automation.md","fae6a6e9977cf52b10fffc85c5be41fe5c11c5aec9b885f44d42e37513b9f370"
"md","racing","gds","gds/workflows/2-design/gds-gdd/assets/game-types/racing.md","e2c21ad6ae9bfdf1a309dc5a3ba3390dfb7de9a98bdfb4d7723e2c04750c9878"
"md","readiness-report-template","gds","gds/workflows/3-technical/gds-check-implementation-readiness/templates/readiness-report-template.md","79e63524734308aca3ff4c40fdfaf87521bcea2e94ad0583b47d15915d800733"
"md","regression-testing","gds","gds/agents/gds-agent-game-dev/gametest/knowledge/regression-testing.md","b35564996e952fe1e32c1d59d69e8ceb76dbe3cf96a852ff119082d281d00e77"
"md","research.template","gds","gds/workflows/1-preproduction/research/gds-domain-research/research.template.md","94f97bc59c113d947c6f2e1166095e1eebd8aadffb03d4bd188aeec9e51366d6"
"md","rhythm","gds","gds/workflows/2-design/gds-gdd/assets/game-types/rhythm.md","099462e504db8de6fe4e6176a2e0667a2beb3700147d733a4e5a44f7aba4d9d1"
"md","roblox-engine","gds","gds/workflows/3-technical/gds-game-architecture/knowledge/roblox-engine.md","4fca52e00bb2a015f44c61032e4d59e3dc6124549e75de532eb33871b34ee36d"
"md","roguelike","gds","gds/workflows/2-design/gds-gdd/assets/game-types/roguelike.md","13db5439305b6f8c5a985839552326ca0da359d861251b10f7585b7f123a848c"
"md","rpg","gds","gds/workflows/2-design/gds-gdd/assets/game-types/rpg.md","861d9a803a43e4b95f048a0ff274ef56dbbfb8d83fea696237814731ae13e4f4"
"md","sandbox","gds","gds/workflows/2-design/gds-gdd/assets/game-types/sandbox.md","404b16e49aefdeda1e022a07fb680a1584c0e1a00ddda003e80eab748e01d270"
"md","save-testing","gds","gds/agents/gds-agent-game-dev/gametest/knowledge/save-testing.md","c354bbbe048c32fbd8bf581de329ff933ec28e044b431888f8ca53d76434eaf1"
"md","shooter","gds","gds/workflows/2-design/gds-gdd/assets/game-types/shooter.md","185d8722cf25471768440921b7b5bdca8bf58464358bd50556811fa0746e3e0c"
"md","simulation","gds","gds/workflows/2-design/gds-gdd/assets/game-types/simulation.md","bbb0c3dd09cb4289c2d297aeb49d1b0261151037dd8728fddee8ab7683bfc995"
"md","SKILL","gds","gds/agents/gds-agent-game-architect/SKILL.md","a35cc3c4472838d05ae5c21331e7c5c5d8c4d98a7164e36ae59a2d74fd088c31"
"md","SKILL","gds","gds/agents/gds-agent-game-designer/SKILL.md","a6b267371534d6b64ddaf3235023766214cb0abd51fbdd6cee374fa9f5f9e6d4"
"md","SKILL","gds","gds/agents/gds-agent-game-dev/SKILL.md","fdafbca80e26aafc823d4c5a3608181cbdfd72f5a5a49ccc39e6d4ccdeb20b82"
"md","SKILL","gds","gds/agents/gds-agent-game-solo-dev/SKILL.md","118543392c4db4c58eaac61f17a9be166d0c3d5c6c2752092a8e04a4115ac310"
"md","SKILL","gds","gds/agents/gds-agent-tech-writer/SKILL.md","9b8a1c292d6eceb007ac84335a811dd5755e0b824f3a95fda74154710b650fce"
"md","SKILL","gds","gds/workflows/1-preproduction/gds-brainstorm-game/SKILL.md","6c8a66fc35d4f53f23434003405b8e5eddb2c210a4d7c80f7ba02ba1d01d1de6"
"md","SKILL","gds","gds/workflows/1-preproduction/gds-create-game-brief/SKILL.md","3a11cd07948c625da070356010b3b8f05c5c7e3893f48e228f71e2920021ab4f"
"md","SKILL","gds","gds/workflows/1-preproduction/research/gds-domain-research/SKILL.md","570558d8c939fecea20456f4866b75be7b2a8c81787b05ee5527c664ef35d116"
"md","SKILL","gds","gds/workflows/2-design/gds-create-narrative/SKILL.md","d9a78b89f3c48487aa8f7ee9b6ce876a12140a34e8701d5a8cabc180802341a9"
"md","SKILL","gds","gds/workflows/2-design/gds-gdd/SKILL.md","ba7962543d52b4cc801564f26704921e4afc9a4adda5a528733ac323085fd64d"
"md","SKILL","gds","gds/workflows/2-design/gds-prd/SKILL.md","a01bca12726bba37c3ab22f323364f76a5c5d3af0cca410e86c0a005f10ade26"
"md","SKILL","gds","gds/workflows/2-design/gds-ux/SKILL.md","0105b2ffcd41e356ec9bd9358d42ea4bcc44a263e41c712173d0557214309742"
"md","SKILL","gds","gds/workflows/3-technical/gds-check-implementation-readiness/SKILL.md","ca41e87b92a28b8b7f54ad1c08bb988e9b4c91dbcb389e49987fdfcc55b05fb2"
"md","SKILL","gds","gds/workflows/3-technical/gds-create-epics-and-stories/SKILL.md","a5bdd08abf79d2346f72369e1df1a5df1123c211b8d34200a0c37ae8e8aaf7b4"
"md","SKILL","gds","gds/workflows/3-technical/gds-game-architecture/SKILL.md","f884bf81997cebb935db6409f2a3a969e7a54d939e40ab23a65d2d8781f01e78"
"md","SKILL","gds","gds/workflows/3-technical/gds-generate-project-context/SKILL.md","59f6762bac20cab9fcc7c8a60a89ea06d699f8cf1513a84e8f97ecf7ce320158"
"md","SKILL","gds","gds/workflows/4-production/gds-code-review/SKILL.md","7cf310e5ab14ba0e99efe617dc5898c3d5703a509af03e5482670374fecc3980"
"md","SKILL","gds","gds/workflows/4-production/gds-correct-course/SKILL.md","0c8ad3875c6b5588feb9feda73310cdb68324d980214b004363375d91ac93151"
"md","SKILL","gds","gds/workflows/4-production/gds-create-story/SKILL.md","659d27e14caa76507ef2255214305e34164c9078522934b9907ab09fd941b6d4"
"md","SKILL","gds","gds/workflows/4-production/gds-dev-story/SKILL.md","c192ca71c18dbdd68ae353fd9b0f0e115a1c5eb0999cac3530c2319912f5df0e"
"md","SKILL","gds","gds/workflows/4-production/gds-investigate/SKILL.md","19728528a493b2aa6bfd59c4eba3174e419f18fea3cc15eb18807015cdb05051"
"md","SKILL","gds","gds/workflows/4-production/gds-retrospective/SKILL.md","db2f25a98433f95519de5efb63250ce4da5038fc5a6d8b6bc6a8f1886f362955"
"md","SKILL","gds","gds/workflows/4-production/gds-sprint-planning/SKILL.md","c7f9903f70f405e6c4efb1909965a4dd7ebf2fe19df8315b99894722dfafe0f0"
"md","SKILL","gds","gds/workflows/4-production/gds-sprint-status/SKILL.md","2cb25a725d08d41bd296e39819e3baa8ef3876da4b4e8a9ed960387400d7a4b3"
"md","SKILL","gds","gds/workflows/gametest/gds-e2e-scaffold/SKILL.md","9fa89bf65bcf029c100bbc569e640039508bcec5ad44c9dc374244360e2b1d6e"
"md","SKILL","gds","gds/workflows/gametest/gds-performance-test/SKILL.md","bb48c8c79899540de5ce4d8ec790d846d0e78119dbd72ef1ccc6143bd5e868a9"
"md","SKILL","gds","gds/workflows/gametest/gds-playtest-plan/SKILL.md","8975f8fb8c4eab2e8930b93bd24846ba025cddfdf823b6be2b751bcd7b2f9e82"
"md","SKILL","gds","gds/workflows/gametest/gds-test-automate/SKILL.md","c8794f1d3d5f7a9e338fec883f98ef271393ee51725448a39432855d3db59fb2"
"md","SKILL","gds","gds/workflows/gametest/gds-test-design/SKILL.md","c884b0ec37202ad4ce824eed8e8c4f350534f7fb5c9028ddb3b296aab437487b"
"md","SKILL","gds","gds/workflows/gametest/gds-test-framework/SKILL.md","302404fada0e11d6f3ede48977630cc755fb7d310cab882d3d4113feeb673b93"
"md","SKILL","gds","gds/workflows/gametest/gds-test-review/SKILL.md","5db52d71bd4a6cc35fc958a6cf3a852d98315c0629945209e13b8db97b3a1f5c"
"md","SKILL","gds","gds/workflows/gds-document-project/SKILL.md","e7c91e6b8273e0b775b567dfc0f36f5e21ac25e183068c05998edd3bb9b38149"
"md","SKILL","gds","gds/workflows/gds-quick-flow/gds-quick-dev/SKILL.md","fb1c52a960f416cae2082c318946a9cf7c40bfec70625bb5a03119f9158601d2"
"md","smoke-testing","gds","gds/agents/gds-agent-game-dev/gametest/knowledge/smoke-testing.md","1b33fe5eb2305103b96cd4a755640f4fa08f8ffc8c59a0fe04110c1532078866"
"md","source-tree-template","gds","gds/workflows/gds-document-project/templates/source-tree-template.md","f0094b1e0a9770c8c408b86f978b660c253fe99affcf2b67e1cf7aa9b40e74cb"
"md","spec-template","gds","gds/workflows/gds-quick-flow/gds-quick-dev/spec-template.md","487c3f3452077635d1232b77d9deae5e777b07d33ed95421b1e97740a0105c73"
"md","sports","gds","gds/workflows/2-design/gds-gdd/assets/game-types/sports.md","f2f582cd89412e803f9714e5f44ee9854ed2d1a2debd588900fc1792756057b7"
"md","step-01-clarify-and-route","gds","gds/workflows/gds-quick-flow/gds-quick-dev/step-01-clarify-and-route.md","4b97ae77da087dad53987bb88c31c201404ead3df139ffb9a732d57ebb35c089"
"md","step-01-discover","gds","gds/workflows/3-technical/gds-generate-project-context/steps/step-01-discover.md","54cfaa77d7528d319a089bc1f97f1d8b6d421688e7e888faaf0bac7d387f0c4e"
"md","step-01-document-discovery","gds","gds/workflows/3-technical/gds-check-implementation-readiness/steps/step-01-document-discovery.md","67bb32cc42c91561da6572c237c3a76b14e6eef9b029255a3d102324dfc9debf"
"md","step-01-gather-context","gds","gds/workflows/4-production/gds-code-review/steps/step-01-gather-context.md","21650361b3eb0aeb5786a8f42abb3ce1b950a74480af00f89ef2dea54b483b5e"
"md","step-01-init","gds","gds/workflows/1-preproduction/gds-brainstorm-game/steps/step-01-init.md","1ff70772967978d0b33223060a8e6f897648d03364ffccb7703064e6e0e163e7"
"md","step-01-init","gds","gds/workflows/1-preproduction/research/gds-domain-research/domain-steps/step-01-init.md","50a57ffaeee886b1d568a4dff195e41dccaff3074d8ae1fa40d3783b76538a3c"
"md","step-01-init","gds","gds/workflows/2-design/gds-create-narrative/steps/step-01-init.md","80fa152485fa00a72a9d98dcd923fcb5a85391d149b0a475e7a4361f5632b1c6"
"md","step-01-init","gds","gds/workflows/3-technical/gds-game-architecture/steps/step-01-init.md","4933385115381fca3f3099ab1d7b10be8664b213487a37b83d0610a494db78e3"
"md","step-01-validate-prerequisites","gds","gds/workflows/3-technical/gds-create-epics-and-stories/steps/step-01-validate-prerequisites.md","29d905e7f96d184a51ec87c5eba64f7dd491b970b9702761f2023eafb9a29ab4"
"md","step-01b-continue","gds","gds/workflows/2-design/gds-create-narrative/steps/step-01b-continue.md","6dd451f21ec91ec1b2cce70729621c29b82b541671e45b3d4c0a6b28201f6435"
"md","step-01b-continue","gds","gds/workflows/3-technical/gds-game-architecture/steps/step-01b-continue.md","9da4da6cfaf16677f84211244831c53db2d97aaf5b32c63c3da7b859b9c42a6c"
"md","step-02-context","gds","gds/workflows/1-preproduction/gds-brainstorm-game/steps/step-02-context.md","b492108bab992b0a92926d10eac1a0891d6166f40be27858d30d7b63a1559d65"
"md","step-02-context","gds","gds/workflows/3-technical/gds-game-architecture/steps/step-02-context.md","d1efaa2520c5e60e89de3e44c35f8276cc8be67b7189265072a0fb5cfb745240"
"md","step-02-design-epics","gds","gds/workflows/3-technical/gds-create-epics-and-stories/steps/step-02-design-epics.md","8ab170cd1c947054cf40fc826a78e0d113a4fa09fc611a406e2608c422ef0004"
"md","step-02-domain-analysis","gds","gds/workflows/1-preproduction/research/gds-domain-research/domain-steps/step-02-domain-analysis.md","6fe5a82ef0098b47a6a73d34b21c95e10619fdd2d1600582848b8456b749ca35"
"md","step-02-foundation","gds","gds/workflows/2-design/gds-create-narrative/steps/step-02-foundation.md","2a18e26816771ef3decf3a78b0c8d7a3607cc83fdea2f12786098d8b0f4468ea"
"md","step-02-gdd-analysis","gds","gds/workflows/3-technical/gds-check-implementation-readiness/steps/step-02-gdd-analysis.md","9e9141a287b508ddb3fc756d0e90bd97b3c73800a69a939122f4db8f68297b4f"
"md","step-02-generate","gds","gds/workflows/3-technical/gds-generate-project-context/steps/step-02-generate.md","b4399f61060ccf7509fc4fca8a83643738d58a17501fe321a7e6fb1d6dd0161a"
"md","step-02-plan","gds","gds/workflows/gds-quick-flow/gds-quick-dev/step-02-plan.md","200066b9fee83d8bf4fc3602d9f14d801bc94a4b707749976e478bf7eb330bba"
"md","step-02-review","gds","gds/workflows/4-production/gds-code-review/steps/step-02-review.md","dc07246edb40551cbdb0ba894bf582e402c2962cec15b6a4acd0fde11cc9d125"
"md","step-03-competitive-landscape","gds","gds/workflows/1-preproduction/research/gds-domain-research/domain-steps/step-03-competitive-landscape.md","a4e67a4cc2d7f0e88e07bbf431c7d94f51dbb505f4171a6eefcba6cfb208dcd2"
"md","step-03-complete","gds","gds/workflows/3-technical/gds-generate-project-context/steps/step-03-complete.md","8b1fb45c491e4cc68caa1018478b7cb698bd550d6fb379ae193bb4d02af0519c"
"md","step-03-create-stories","gds","gds/workflows/3-technical/gds-create-epics-and-stories/steps/step-03-create-stories.md","c5dc8ec2d39d5d2636041e446bbcfedfcae9b5d9a836a1c38eba984446cc6819"
"md","step-03-epic-coverage-validation","gds","gds/workflows/3-technical/gds-check-implementation-readiness/steps/step-03-epic-coverage-validation.md","382801a2562cd967e222fbe94385573c5bd910c778647b33efdd794c45cac0b2"
"md","step-03-ideation","gds","gds/workflows/1-preproduction/gds-brainstorm-game/steps/step-03-ideation.md","303a6005a13b2d53390222720512bd649fe19bed4269fbee1cb16a4c0da2bbdd"
"md","step-03-implement","gds","gds/workflows/gds-quick-flow/gds-quick-dev/step-03-implement.md","88d95ac3c7fea6ba9a77ed4407722b1a23bc24ae1f4475ce30d1bf5660919c81"
"md","step-03-starter","gds","gds/workflows/3-technical/gds-game-architecture/steps/step-03-starter.md","bf9d7d1625d6ebb75f4cb2f639b1827e55abccf11787f0ae3e2d9c4d2a31b473"
"md","step-03-story","gds","gds/workflows/2-design/gds-create-narrative/steps/step-03-story.md","8690444cbcc77ad7553eb177157808d251246a4724f02c4ee80551f3de387285"
"md","step-03-triage","gds","gds/workflows/4-production/gds-code-review/steps/step-03-triage.md","71b71f5de086cc4380937f8e348adc02f639f869236101ea00009c38dcb05578"
"md","step-04-characters","gds","gds/workflows/2-design/gds-create-narrative/steps/step-04-characters.md","c5078c1b54062ad265a1f2b5a1925e7e77f7a1179dd0cd1f1b87cf38e8085cc1"
"md","step-04-complete","gds","gds/workflows/1-preproduction/gds-brainstorm-game/steps/step-04-complete.md","877e2df4dd1b2934b7f2f969d819b3c82ee0bbd776471d7b2e1c7d2583262264"
"md","step-04-decisions","gds","gds/workflows/3-technical/gds-game-architecture/steps/step-04-decisions.md","0236744da07d0750839f455e7ab97480ddf276999dcc500cc4ea433f9eae3f1d"
"md","step-04-final-validation","gds","gds/workflows/3-technical/gds-create-epics-and-stories/steps/step-04-final-validation.md","f3448be54a6bceb5a4d1859a15a501317825ea7f0c3b9fd28d5df12dd8f1b5e3"
"md","step-04-present","gds","gds/workflows/4-production/gds-code-review/steps/step-04-present.md","c5b8eb44fdf1a04ae87a7bf124abae240cecab5585bf1651eb8dd28eb557590a"
"md","step-04-regulatory-focus","gds","gds/workflows/1-preproduction/research/gds-domain-research/domain-steps/step-04-regulatory-focus.md","8a2b9622263b7ec614f487f72e2c879c478639f5bb9d7f6f201a5a3b0745fcb2"
"md","step-04-review","gds","gds/workflows/gds-quick-flow/gds-quick-dev/step-04-review.md","63afa2cbd8ee736c0c0813c5deba28d942b0a668570cf81d2a0b079c32edd7ba"
"md","step-04-ux-alignment","gds","gds/workflows/3-technical/gds-check-implementation-readiness/steps/step-04-ux-alignment.md","1db7f77eb51c51bf8fa57bec7756bf72e6044d824ad2fee0b1944000a2c9fee7"
"md","step-05-crosscutting","gds","gds/workflows/3-technical/gds-game-architecture/steps/step-05-crosscutting.md","7a05593a0ccf48b0b0a9623ef9455bca63c8d0bec6e83d5c44f9dc4598aec80d"
"md","step-05-epic-quality-review","gds","gds/workflows/3-technical/gds-check-implementation-readiness/steps/step-05-epic-quality-review.md","e8df458084637eb3b2e426835ab500af53deb642bcbe09f35c2b257d159ca9b3"
"md","step-05-present","gds","gds/workflows/gds-quick-flow/gds-quick-dev/step-05-present.md","081a988d7faea6754eb7c8ffcb6bb6dab4f1542c219c9df7339df4d666ee3b9a"
"md","step-05-technical-trends","gds","gds/workflows/1-preproduction/research/gds-domain-research/domain-steps/step-05-technical-trends.md","e7b184a75617338b9ae2834d1d3b16cbe33c49131bfd2486e731c20305005975"
"md","step-05-world","gds","gds/workflows/2-design/gds-create-narrative/steps/step-05-world.md","d8457ce14c7692d2218d2e6daab5c3e82ad50acf22d0a4655efcd57d19bd652e"
"md","step-06-dialogue","gds","gds/workflows/2-design/gds-create-narrative/steps/step-06-dialogue.md","78c12fd2a8e3450c56b31cc8690b6e3ed9484aef0a51478c0e9b4befbf0f6511"
"md","step-06-final-assessment","gds","gds/workflows/3-technical/gds-check-implementation-readiness/steps/step-06-final-assessment.md","08ac52ebe964f76a413aaa01fd0b074e2f1a8d51fc0c16bef09bdf2250b639e8"
"md","step-06-research-synthesis","gds","gds/workflows/1-preproduction/research/gds-domain-research/domain-steps/step-06-research-synthesis.md","f1dda75810c6d86f7626bbabed4a1cdbf1b1039050ecab67467b7cfeb195a8c0"
"md","step-06-structure","gds","gds/workflows/3-technical/gds-game-architecture/steps/step-06-structure.md","c7832281301c17063332b5d47df63c42b2b52e22676b3b9cf78e85f94db78078"
"md","step-07-environmental","gds","gds/workflows/2-design/gds-create-narrative/steps/step-07-environmental.md","573b4518b79a24b05d48f8b162c7b44adcd5be866681f2c64e3f6a02ed0ea7b8"
"md","step-07-patterns","gds","gds/workflows/3-technical/gds-game-architecture/steps/step-07-patterns.md","9c764c421de016093cb7c1036d8455c58e03786b29160b4372d368c4cc2cb698"
"md","step-08-delivery","gds","gds/workflows/2-design/gds-create-narrative/steps/step-08-delivery.md","3a5ac4ba10450c3e4ebde521771ad5b1f605470fc7d5d04d5b7bbdd46256b3d8"
"md","step-08-validation","gds","gds/workflows/3-technical/gds-game-architecture/steps/step-08-validation.md","3cb3df33d566fa8faf07f5738c73022439a0e6b128eef787f62a061aaf0563bc"
"md","step-09-complete","gds","gds/workflows/3-technical/gds-game-architecture/steps/step-09-complete.md","c087a96fbb2f56f898ab2c763c6918220d1a16d410fd88ec63ab6dfd542a760b"
"md","step-09-integration","gds","gds/workflows/2-design/gds-create-narrative/steps/step-09-integration.md","ef172e03f061e64da088d683952b091cd1246702efba03994cff5331b8b2070f"
"md","step-10-production","gds","gds/workflows/2-design/gds-create-narrative/steps/step-10-production.md","f5ec87dfdf0ceaaf4531edd6d52b2b21cc0b1e96fcb191902224c39ef7ddc446"
"md","step-11-complete","gds","gds/workflows/2-design/gds-create-narrative/steps/step-11-complete.md","faf49bc2c739fbf7c58491d818774e3af8eb383059016529157b368de4946a58"
"md","step-oneshot","gds","gds/workflows/gds-quick-flow/gds-quick-dev/step-oneshot.md","146f2bb596ba52fb0ce4ce9ce3426813b41955dfff465b974b006eb0400ddc95"
"md","strategy","gds","gds/workflows/2-design/gds-gdd/assets/game-types/strategy.md","3b453b6e3a70d65ec2428bf53195edcb5c3f194341110f4034d55c9707fac65d"
"md","survival","gds","gds/workflows/2-design/gds-gdd/assets/game-types/survival.md","524f50b6929bab7b10dbcc2437002cb79139188594e6d17ceb7abecd76e8b295"
"md","sync-sprint-status","gds","gds/workflows/gds-quick-flow/gds-quick-dev/sync-sprint-status.md","f1ce35a6415f7795e4b7c88acacb003732077bbcba9b4f4c86c54a7c77a99a60"
"md","template","gds","gds/workflows/4-production/gds-create-story/template.md","a7ac18d4dd1f8e2dd9f54edc82c760c04313ad30945dd3ef676da6af3cdfe7a9"
"md","test-design-template","gds","gds/workflows/gametest/gds-test-design/test-design-template.md","4823b53e252dd373c1ccc1fd6606db3f0bef39f258ccae7f3a24d39dbdddb33a"
"md","test-priorities","gds","gds/agents/gds-agent-game-dev/gametest/knowledge/test-priorities.md","ab91b9b455586553ea5bf9f991db3a88613bf6e57ca230cc9a4f713364f9799b"
"md","test-review-template","gds","gds/workflows/gametest/gds-test-review/test-review-template.md","99166ae52604775b0f51f5a7b569fcf658803bdb57a210807bee7c10173816c5"
"md","text-based","gds","gds/workflows/2-design/gds-gdd/assets/game-types/text-based.md","96c1d8cd99377cbebb873c5d660534f7fbfb848f503511eb24a25fe1e25ab4bf"
"md","tower-defense","gds","gds/workflows/2-design/gds-gdd/assets/game-types/tower-defense.md","c53a3bcb028d93bede1926d4c4b32a84321fe0ab5238974fe855e86631030b70"
"md","turn-based-tactics","gds","gds/workflows/2-design/gds-gdd/assets/game-types/turn-based-tactics.md","5438cbf5fc800facfe724651821ba851231ccb1e26cd83ab658ead9a012c695d"
"md","unity-engine","gds","gds/workflows/3-technical/gds-game-architecture/knowledge/unity-engine.md","bfceb569de01e81447de92b6ef3d741ac6e1980bdc97a48e7525e6e1c3083f82"
"md","unity-testing","gds","gds/agents/gds-agent-game-dev/gametest/knowledge/unity-testing.md","7e196ea43cf8b35b4b290269ec24bf49f1fdf57c81987e7a9f0aeb2a48d94b11"
"md","unreal-engine","gds","gds/workflows/3-technical/gds-game-architecture/knowledge/unreal-engine.md","04027d82f7add176d072d34e23f2d498a256c2a0a2ca4f8927b195edfac07205"
"md","unreal-testing","gds","gds/agents/gds-agent-game-dev/gametest/knowledge/unreal-testing.md","d3d656434f9fddee65e8b0a4826067176663be2373fdcb240f5c37dcd8e11c05"
"md","update-standards","gds","gds/agents/gds-agent-tech-writer/update-standards.md","6a8347dca807b77463d9d5789710d2915624d90ffe1871a046fd0260b93342e5"
"md","validate","gds","gds/workflows/2-design/gds-prd/references/validate.md","31826ebcf72960e9cbe3a188d5b8fe368647b574a83461d2bd884b001a320057"
"md","validate","gds","gds/workflows/2-design/gds-ux/references/validate.md","b009072737b145ea3dd481e58d80ca05e62abac322ce72b314e068026bb5183e"
"md","validate-doc","gds","gds/agents/gds-agent-tech-writer/validate-doc.md","2760f64d721e07df5ae733f7775da23a1e9f6042747d498a077b80ada96ab8e4"
"md","validation-render","gds","gds/workflows/2-design/gds-gdd/references/validation-render.md","c478d572a9a68c1ad37932fd96c0e3a5879755b715148b7baa5cc3c9d80fb424"
"md","visual-novel","gds","gds/workflows/2-design/gds-gdd/assets/game-types/visual-novel.md","c069fdf5a0bc18a129cf4ce1362e1b67b627943a0e40bdf46730e92202ea797a"
"md","write-document","gds","gds/agents/gds-agent-tech-writer/write-document.md","4a35fd0466f842f55331707eb2b9656c09623e7c84a4f64f2a13771aa18b88f1"
"py","render-validation-html","gds","gds/workflows/2-design/gds-gdd/scripts/render-validation-html.py","975fee2ffb556ab8d8fd0ffc2803008a244ecb805a97d307d50903ca504fd44e"
"toml","customize","gds","gds/agents/gds-agent-game-architect/customize.toml","6aa961c12d02c06c2009a83b39a03dc695cb1bb3f1a7486755b6711b3b0de812"
"toml","customize","gds","gds/agents/gds-agent-game-designer/customize.toml","9060babecce85871efc7ed841a5b2e70fd09d764244be5daf47deafc14168b52"
"toml","customize","gds","gds/agents/gds-agent-game-dev/customize.toml","873e600c472bb9b729d3a9563ca21de6f473d812e2b9286ddad3607f60e5f1ef"
"toml","customize","gds","gds/agents/gds-agent-game-solo-dev/customize.toml","97dfe3a04dc2d21db32ade1ee64436867fff7f1f3ded60a533b6c6b543a7542a"
"toml","customize","gds","gds/agents/gds-agent-tech-writer/customize.toml","99e37cc29bfa320d5083e091693d6fc28daa395009888df8f120e6414785f6e0"
"toml","customize","gds","gds/workflows/1-preproduction/gds-brainstorm-game/customize.toml","5cab06e394edb000599084dab42614ba3d8416f2d1798c65a4d8e12772755f3c"
"toml","customize","gds","gds/workflows/1-preproduction/gds-create-game-brief/customize.toml","6cb7501e067b9b9b8b016bbb63cc65063e8383cc70ff4eb1bcfdbfca8a615043"
"toml","customize","gds","gds/workflows/1-preproduction/research/gds-domain-research/customize.toml","1a90be325642a73959e317f96d13781dbb64bf914f7011c94935a9ae5bb429bf"
"toml","customize","gds","gds/workflows/2-design/gds-create-narrative/customize.toml","68d8289aa0e385306ccc18e142c3b200705fc6b59627146e5cfea3da81420715"
"toml","customize","gds","gds/workflows/2-design/gds-gdd/customize.toml","5c667fcbcd06cbedd902fb98e00ab96469ddf338897fa1febcde2f777076669a"
"toml","customize","gds","gds/workflows/2-design/gds-prd/customize.toml","c53f260c555b3d17f8403c3cda5a0626f8b3fdd130446acdda996b885e850cdf"
"toml","customize","gds","gds/workflows/2-design/gds-ux/customize.toml","36642192758ef2b30f14c6bc61fae6db42ad37c259ad0f6f0f5afae7c8e7fff6"
"toml","customize","gds","gds/workflows/3-technical/gds-check-implementation-readiness/customize.toml","d439c100741218e9ae7c58eace15030d68e86b4e9bc8b5a63970164dc96af1c0"
"toml","customize","gds","gds/workflows/3-technical/gds-create-epics-and-stories/customize.toml","d4f0349636dc4bc5937d6d182611c01ed15a05de1965f31cfcd611645585457b"
"toml","customize","gds","gds/workflows/3-technical/gds-game-architecture/customize.toml","417ed4dcf4b8aba0834c0d38afbf00e8584d2f2f8a876686ee83b22115f5bf21"
"toml","customize","gds","gds/workflows/3-technical/gds-generate-project-context/customize.toml","3bbceb8ed513762fb9c77ce8043ab1d083df18eb479cef53a75c191cfdd4fc13"
"toml","customize","gds","gds/workflows/4-production/gds-code-review/customize.toml","d97dc67f9b4771f6f08cd191b5876f2730f19ccc20ec8c288cbd2abd67e97505"
"toml","customize","gds","gds/workflows/4-production/gds-correct-course/customize.toml","ea1a90e3dd2a3cce47b1eaa6879f9b40bccc9e2c43bd2d74efa2a7e9b6907378"
"toml","customize","gds","gds/workflows/4-production/gds-create-story/customize.toml","07651dd2fbbb1f773a40c8fa3417602673e447933e112539ff6af405c3a8c14e"
"toml","customize","gds","gds/workflows/4-production/gds-dev-story/customize.toml","037eb3179cea4c2c9bd4158345423fe1b3940f1d3556d2f3e7102cd6a952b4ae"
"toml","customize","gds","gds/workflows/4-production/gds-investigate/customize.toml","35f06b31f9c8dadb87c046a307d02a949e56552fca85261662162666e9c9d82d"
"toml","customize","gds","gds/workflows/4-production/gds-retrospective/customize.toml","045727cfbcfd5da25e26880f2b7e890380e8d3c91c2f4747d17cd2cc12d8f46c"
"toml","customize","gds","gds/workflows/4-production/gds-sprint-planning/customize.toml","7f0739c77fc4c372ebf402ab27ec782a320a9df52554c604e681a29847b85606"
"toml","customize","gds","gds/workflows/4-production/gds-sprint-status/customize.toml","04ec971da94cdfaf47131d8fcc8bfd7978b4e44b767095f7f54021451e21cc6a"
"toml","customize","gds","gds/workflows/gametest/gds-e2e-scaffold/customize.toml","0d1d4a3331af351b1855a37f1e984983f81a9ac935203a253308564be8ba1f9e"
"toml","customize","gds","gds/workflows/gametest/gds-performance-test/customize.toml","048cb6fb856d45c04dd9f30b1be239129662bb72a606f1f26363e67e265da348"
"toml","customize","gds","gds/workflows/gametest/gds-playtest-plan/customize.toml","ecec0eca1976d19821ed4ada161b79ffff510196fc7003146893d4d4873ad396"
"toml","customize","gds","gds/workflows/gametest/gds-test-automate/customize.toml","a6ac1ce5c569074d9169e1df3aebefbc30fb26a79729b4148509098e0499d618"
"toml","customize","gds","gds/workflows/gametest/gds-test-design/customize.toml","62be587b08515c8fd1a5c84e5a83b855a4802de00f82eb69aa86ad542c98fe78"
"toml","customize","gds","gds/workflows/gametest/gds-test-framework/customize.toml","1f5bf24404d2e2539b32d46617bc93a1efead5af8dff891d49a1baeec832c76b"
"toml","customize","gds","gds/workflows/gametest/gds-test-review/customize.toml","b17fa372384e6974b4daf3f3e54dfa9e38645b40bb0e5cf9bed9ffcf7eef45dd"
"toml","customize","gds","gds/workflows/gds-document-project/customize.toml","d477d9c53ba3d1faa94e963bb62f8aa739615691938b466750b13647257b15f5"
"toml","customize","gds","gds/workflows/gds-quick-flow/gds-quick-dev/customize.toml","4ab0af96bb54edef5242645979ff480eb93043677c9bc1ab376c0934c8052812"
"yaml","architecture-patterns","gds","gds/workflows/3-technical/gds-game-architecture/architecture-patterns.yaml","81a6744da347171de8965b0e5acd7f7dd60641f3f8fb7617a7ef03bd23d9077f"
"yaml","config","gds","gds/config.yaml","753214cfbed8e287668b9690588ce4dbaa4d3e6fc3c08d74ea11e52454172624"
"yaml","decision-catalog","gds","gds/workflows/3-technical/gds-game-architecture/decision-catalog.yaml","2023d6bd2f42b2a235d6fcde1c0a3869bc9e3d6cca84d705d79bf79b008adef7"
"yaml","engine-mcps","gds","gds/workflows/3-technical/gds-game-architecture/engine-mcps.yaml","f2e79fcb8ecb9252faa12f02f0c8ba85fa047a34e3042136b4b841a5eb3829fe"
"yaml","sprint-status-template","gds","gds/workflows/4-production/gds-sprint-planning/sprint-status-template.yaml","7bad0cc622ecbd33346d76f625333ff7c4d8aa21d48ce27075050f79a1a58065"
"file",".gitignore","render","render/.gitignore","240a3e0d37d2e86b614063f5347eb02d4f99ca6c254de6b82871ff8d95532a7d"
"py","config_utils","scripts","scripts/config_utils.py","48afe2bc18a29201e343cce3703be1e70df9c83ee74eeb68e57ef8ef42e8c651"
"py","memlog","scripts","scripts/memlog.py","3b00f82ca33dc4227f715123b939514ee35c4f9c71150c894c3d8185df1b48df"
"py","render_skill","scripts","scripts/render_skill.py","8496d0d8b449d64c21b42a9aab3b13fc8a813a430c0695ffd84ad75bb1da7942"
"py","resolve_config","scripts","scripts/resolve_config.py","fc78866fd42862d486d4346d2b35705f916a19e6c07bb474f8add25c71734a8e"
"py","resolve_customization","scripts","scripts/resolve_customization.py","9b5124e0b781823a015a19d6cf5db52bbc34b6bab41c036fd1b3d464c2a137cd"
